City_ID,City,Lat,Lng,Max Temp,Humidity,Cloudiness,Wind Speed,Country,Date
0,Euclides Da Cunha,-10.5075,-39.0158,76.95,49,13,6.93,BR,2022-06-22 19:34:51
1,Hermanus,-34.4187,19.2345,57.79,81,96,6.22,ZA,2022-06-22 19:34:51
2,Bethel,41.3712,-73.414,63.03,94,100,5.75,US,2022-06-22 19:31:35
3,Iquitos,-3.7481,-73.2472,84.24,74,75,5.75,PE,2022-06-22 19:33:09
4,Kaitangata,-46.2817,169.8464,32.79,73,72,3.96,NZ,2022-06-22 19:34:52
5,Chernyshevskiy,63.0128,112.4714,55.96,53,95,1.14,RU,2022-06-22 19:34:52
6,Buala,-8.145,159.5921,79.59,82,19,4.41,SB,2022-06-22 19:34:53
7,Terney,45.0503,136.6092,55.17,99,100,3.65,RU,2022-06-22 19:34:53
8,Punta Arenas,-53.15,-70.9167,41.11,70,40,19.57,CL,2022-06-22 19:32:31
9,Rikitea,-23.1203,-134.9692,74.84,75,11,11.01,PF,2022-06-22 19:34:53
10,Emerald,-23.5333,148.1667,52.23,72,0,8.21,AU,2022-06-22 19:34:54
11,Busselton,-33.65,115.3333,61.7,87,100,8.01,AU,2022-06-22 19:34:54
12,Bluff,-46.6,168.3333,38.26,73,100,8.05,NZ,2022-06-22 19:34:55
13,Poum,-20.2333,164.0167,72.41,62,100,6.85,NC,2022-06-22 19:34:55
14,Avarua,-21.2078,-159.775,80.65,78,75,14.97,CK,2022-06-22 19:34:55
15,Tuktoyaktuk,69.4541,-133.0374,57.2,54,75,2.3,CA,2022-06-22 19:34:56
16,Baruun-Urt,46.6806,113.2792,57.43,74,13,4.43,MN,2022-06-22 19:34:35
17,Merauke,-8.4667,140.3333,77.34,87,86,15.95,ID,2022-06-22 19:34:56
18,Upernavik,72.7868,-56.1549,33.78,90,100,10.13,GL,2022-06-22 19:34:56
19,Dakar,14.6937,-17.4441,82.53,78,20,16.11,SN,2022-06-22 19:34:17
20,Kempsey,-31.0833,152.8333,40.95,95,0,3.0,AU,2022-06-22 19:34:57
21,Ushuaia,-54.8,-68.3,40.62,81,40,33.38,AR,2022-06-22 19:34:57
22,Tongliao,43.6125,122.2653,67.05,92,100,4.25,CN,2022-06-22 19:34:57
23,Marawi,7.9986,124.2928,68.79,93,100,2.68,PH,2022-06-22 19:34:58
24,Noumea,-22.2763,166.4572,69.01,99,99,6.04,NC,2022-06-22 19:34:58
25,New Norfolk,-42.7826,147.0587,48.92,83,100,2.86,AU,2022-06-22 19:34:58
26,Sitka,57.0531,-135.33,49.89,87,75,4.61,US,2022-06-22 19:34:59
27,Luderitz,-26.6481,15.1594,56.48,73,0,6.29,NA,2022-06-22 19:34:59
28,Albany,42.6001,-73.9662,67.17,80,94,12.91,US,2022-06-22 19:35:00
29,Nantucket,41.2835,-70.0995,69.91,79,20,16.11,US,2022-06-22 19:31:09
30,Port Elizabeth,-33.918,25.5701,61.11,93,0,2.3,ZA,2022-06-22 19:35:00
31,Jibuti,11.5,42.5,92.68,24,100,5.57,DJ,2022-06-22 19:35:00
32,Birao,10.2849,22.7882,78.04,56,1,2.17,CF,2022-06-22 19:35:01
33,Mecca,21.4267,39.8261,86.11,44,18,6.69,SA,2022-06-22 19:32:09
34,Huejotzingo,19.15,-98.4,67.62,52,75,6.91,MX,2022-06-22 19:35:02
35,Bengkulu,-3.8004,102.2655,74.35,94,100,7.72,ID,2022-06-22 19:35:02
36,Nome,64.5011,-165.4064,44.67,93,100,13.8,US,2022-06-22 19:35:03
37,Ancud,-41.8697,-73.8203,45.23,65,84,7.52,CL,2022-06-22 19:35:03
38,Itoman,26.1247,127.6694,81.37,94,20,6.91,JP,2022-06-22 19:35:04
39,San Andres,12.5847,-81.7006,86.02,74,75,14.97,CO,2022-06-22 19:35:04
40,Bredasdorp,-34.5322,20.0403,60.49,70,98,5.75,ZA,2022-06-22 19:34:31
41,Camapua,-19.5314,-54.0439,82.38,44,6,5.21,BR,2022-06-22 19:35:05
42,Kodiak,57.79,-152.4072,60.31,63,0,8.05,US,2022-06-22 19:35:06
43,Inhambane,-23.865,35.3833,67.98,77,40,6.91,MZ,2022-06-22 19:35:07
44,Arraial Do Cabo,-22.9661,-42.0278,82.36,69,0,10.36,BR,2022-06-22 19:35:07
45,Dalbandin,28.8947,64.4101,85.15,10,0,6.49,PK,2022-06-22 19:35:07
46,Emba,48.8264,58.1442,74.68,52,100,8.05,KZ,2022-06-22 19:36:08
47,Faanui,-16.4833,-151.75,80.42,65,12,13.06,PF,2022-06-22 19:36:08
48,Los Llanos De Aridane,28.6585,-17.9182,67.75,82,75,11.5,ES,2022-06-22 19:36:09
49,Padang,-0.9492,100.3543,76.12,88,98,4.36,ID,2022-06-22 19:36:09
50,Itarema,-2.9248,-39.9167,78.69,82,26,12.48,BR,2022-06-22 19:36:10
51,Ferkessedougou,9.6,-5.2,76.15,85,93,3.31,CI,2022-06-22 19:36:10
52,Mataura,-46.1927,168.8643,31.12,77,100,2.93,NZ,2022-06-22 19:36:11
53,Beloha,-25.1667,45.05,61.81,67,68,12.53,MG,2022-06-22 19:36:11
54,Huarmey,-10.0681,-78.1522,68.16,66,12,12.1,PE,2022-06-22 19:36:11
55,Khatanga,71.9667,102.5,50.56,59,100,8.72,RU,2022-06-22 19:36:12
56,Airai,-8.9266,125.4092,54.64,86,71,3.67,TL,2022-06-22 19:36:12
57,Lagoa,39.05,-27.9833,64.33,84,100,15.64,PT,2022-06-22 19:32:53
58,Port Alfred,-33.5906,26.891,60.19,85,91,18.34,ZA,2022-06-22 19:36:13
59,Puerto Escondido,15.85,-97.0667,85.03,58,100,23.02,MX,2022-06-22 19:36:13
60,Chuy,-33.6971,-53.4616,50.43,64,85,12.93,UY,2022-06-22 19:36:14
61,Nikolskoye,59.7035,30.7861,58.91,63,55,0.18,RU,2022-06-22 19:36:14
62,Vaini,-21.2,-175.2,71.76,73,20,10.36,TO,2022-06-22 19:36:15
63,Sulangan,11.1373,123.7228,83.68,69,100,3.22,PH,2022-06-22 19:36:16
64,Shubarkuduk,49.1447,56.4872,72.03,64,99,9.26,KZ,2022-06-22 19:36:16
65,Iwanai,42.9744,140.5089,60.55,85,100,8.88,JP,2022-06-22 19:36:16
66,Sim,54.993,57.6982,55.69,94,65,2.51,RU,2022-06-22 19:36:17
67,Mar Del Plata,-38.0023,-57.5575,49.08,59,75,8.05,AR,2022-06-22 19:34:05
68,Havre-Saint-Pierre,50.2334,-63.5986,57.56,77,100,11.5,CA,2022-06-22 19:36:18
69,Kapaa,22.0752,-159.319,78.78,87,100,12.66,US,2022-06-22 19:36:18
70,Gat,31.61,34.7642,75.88,100,0,4.23,IL,2022-06-22 19:32:02
71,San Patricio,28.017,-97.5169,97.18,36,8,15.79,US,2022-06-22 19:36:19
72,Qandala,11.472,49.8728,90.88,53,21,4.88,SO,2022-06-22 19:36:19
73,Butaritari,3.0707,172.7902,81.12,78,97,10.04,KI,2022-06-22 19:36:20
74,Isiolo,0.3546,37.5822,67.77,66,85,15.9,KE,2022-06-22 19:36:20
75,Klaksvik,62.2266,-6.589,50.92,83,93,26.62,FO,2022-06-22 19:36:20
76,Cockburn Town,21.4612,-71.1419,81.18,74,6,8.55,TC,2022-06-22 19:36:21
77,Hobart,-42.8794,147.3294,49.26,87,75,6.91,AU,2022-06-22 19:31:30
78,Saquarema,-22.92,-42.5103,82.54,77,1,5.46,BR,2022-06-22 19:36:21
79,Jamestown,42.097,-79.2353,89.24,58,20,12.66,US,2022-06-22 19:36:22
80,Saint-Philippe,-21.3585,55.7679,65.79,69,1,5.66,RE,2022-06-22 19:36:22
81,Tecoanapa,16.5167,-98.75,79.56,83,100,8.12,MX,2022-06-22 19:36:23
82,Yellowknife,62.456,-114.3525,66.72,32,75,16.11,CA,2022-06-22 19:36:23
83,Salta,-24.7859,-65.4117,50.59,66,100,2.3,AR,2022-06-22 19:34:35
84,Dongsheng,39.8161,109.9776,67.24,49,0,7.58,CN,2022-06-22 19:36:23
85,Castro,-24.7911,-50.0119,66.72,74,2,8.99,BR,2022-06-22 19:36:24
86,Longyearbyen,78.2186,15.6401,44.44,61,75,17.27,SJ,2022-06-22 19:36:24
87,Hilo,19.7297,-155.09,78.62,94,100,10.36,US,2022-06-22 19:36:25
88,Owando,-0.4819,15.8999,72.73,94,94,1.74,CG,2022-06-22 19:36:26
89,Dikson,73.5069,80.5464,38.01,86,100,15.43,RU,2022-06-22 19:36:26
90,Georgetown,5.4112,100.3354,80.53,92,40,5.99,MY,2022-06-22 19:36:53
91,Norman Wells,65.282,-126.8329,69.84,35,20,9.22,CA,2022-06-22 19:37:27
92,Ribeira Grande,38.5167,-28.7,68.4,73,40,17.27,PT,2022-06-22 19:37:27
93,Puerto Ayora,-0.7393,-90.3518,80.56,89,59,5.99,EC,2022-06-22 19:37:28
94,Hithadhoo,-0.6,73.0833,83.66,70,58,8.72,MV,2022-06-22 19:37:28
95,Pacific Grove,36.6177,-121.9166,84.34,62,0,11.99,US,2022-06-22 19:37:28
96,Kaeo,-35.1,173.7833,43.32,95,1,4.12,NZ,2022-06-22 19:37:29
97,Qingyuan,23.7,113.0333,80.58,95,85,2.42,CN,2022-06-22 19:37:29
98,Marsh Harbour,26.5412,-77.0636,78.53,56,100,13.47,BS,2022-06-22 19:35:33
99,Churapcha,62.0025,132.4325,59.63,66,4,4.32,RU,2022-06-22 19:37:30
100,Najran,17.4924,44.1277,88.45,40,100,6.04,SA,2022-06-22 19:37:30
101,Leningradskiy,69.3833,178.4167,43.66,66,78,9.57,RU,2022-06-22 19:37:31
102,Nouadhibou,20.931,-17.0347,75.18,73,11,14.97,MR,2022-06-22 19:37:31
103,Okhotsk,59.3833,143.3,47.88,92,100,5.35,RU,2022-06-22 19:37:31
104,Katsuura,35.1333,140.3,69.71,95,100,9.51,JP,2022-06-22 19:37:32
105,Sao Joao Da Barra,-21.6403,-41.0511,80.69,83,1,13.33,BR,2022-06-22 19:37:32
106,Kavieng,-2.5744,150.7967,80.65,77,100,4.9,PG,2022-06-22 19:37:32
107,Dingle,10.9995,122.6711,76.75,87,100,4.47,PH,2022-06-22 19:37:32
108,Saint-Pierre,-21.3393,55.4781,65.88,59,0,10.36,RE,2022-06-22 19:37:33
109,Souillac,-20.5167,57.5167,70.18,78,40,11.5,MU,2022-06-22 19:37:33
110,Cape Town,-33.9258,18.4232,60.12,87,0,2.3,ZA,2022-06-22 19:35:41
111,Surt,31.2089,16.5887,76.48,73,0,9.75,LY,2022-06-22 19:37:34
112,Grand Gaube,-20.0064,57.6608,70.2,76,1,4.0,MU,2022-06-22 19:37:34
113,Nalut,30.3333,10.85,92.66,12,0,11.79,LY,2022-06-22 19:37:34
114,Awbari,26.5921,12.7805,92.28,12,0,8.63,LY,2022-06-22 19:37:35
115,Clyde River,70.4692,-68.5914,43.03,81,100,13.8,CA,2022-06-22 19:37:35
116,Senanga,-16.1167,23.2667,59.18,43,0,5.26,ZM,2022-06-22 19:37:35
117,Vestmannaeyjar,63.4427,-20.2734,47.39,76,75,16.11,IS,2022-06-22 19:37:36
118,Prince Rupert,54.3161,-130.3201,53.29,86,100,9.22,CA,2022-06-22 19:37:36
119,Esperance,-33.8667,121.9,57.78,85,0,13.31,AU,2022-06-22 19:37:36
120,Bow Island,49.8668,-111.3684,76.21,41,5,13.8,CA,2022-06-22 19:37:37
121,Zheleznodorozhnyy,55.7503,38.0042,64.81,77,4,7.92,RU,2022-06-22 19:37:38
122,Aras,42.5617,-2.356,72.01,35,20,2.3,ES,2022-06-22 19:37:38
123,Raymond,43.9015,-70.4703,72.19,65,6,11.36,US,2022-06-22 19:37:39
124,Torbay,47.6666,-52.7314,73.89,46,40,18.41,CA,2022-06-22 19:35:34
125,Carnduff,49.1667,-101.8009,79.38,44,13,15.68,CA,2022-06-22 19:37:39
126,Aklavik,68.2191,-135.0107,60.8,59,75,3.44,CA,2022-06-22 19:37:39
127,Severo-Kurilsk,50.6789,156.125,45.14,94,84,16.15,RU,2022-06-22 19:37:40
128,Bubaque,11.2833,-15.8333,82.22,81,98,15.26,GW,2022-06-22 19:37:40
129,Maceio,-9.6658,-35.7353,74.64,83,100,13.8,BR,2022-06-22 19:32:45
130,Taunggyi,20.7833,97.0333,63.48,95,100,3.18,MM,2022-06-22 19:37:40
131,Calw,48.7142,8.7403,68.32,93,96,2.75,DE,2022-06-22 19:37:41
132,Ostrovnoy,68.0531,39.5131,52.29,76,99,10.78,RU,2022-06-22 19:37:41
133,Rio Grande,-32.035,-52.0986,57.31,93,100,17.58,BR,2022-06-22 19:37:42
134,Abeokuta,7.15,3.35,72.14,98,100,5.17,NG,2022-06-22 19:35:04
135,Rio Gallegos,-51.6226,-69.2181,39.25,70,0,19.57,AR,2022-06-22 19:37:42
136,Lompoc,34.6391,-120.4579,79.84,65,0,10.36,US,2022-06-22 19:38:42
137,Moscow,55.7522,37.6156,64.83,73,4,8.72,RU,2022-06-22 19:35:19
138,Atuona,-9.8,-139.0333,78.12,65,78,21.9,PF,2022-06-22 19:38:43
139,Carnarvon,-24.8667,113.6333,68.05,78,5,12.91,AU,2022-06-22 19:38:43
140,Geraldton,-28.7667,114.6,52.21,100,75,13.8,AU,2022-06-22 19:38:44
141,Pukhrayan,26.2333,79.85,96.08,36,14,6.2,IN,2022-06-22 19:38:44
142,Puerto Del Rosario,28.5004,-13.8627,73.15,53,20,16.11,ES,2022-06-22 19:38:44
143,Vardo,70.3705,31.1107,44.58,93,75,10.36,NO,2022-06-22 19:38:45
144,Nedjo,9.5046,35.5019,59.4,96,100,0.89,ET,2022-06-22 19:38:45
145,Moyale,3.5167,39.0584,69.82,65,100,10.27,KE,2022-06-22 19:38:45
146,Muros,42.7762,-9.0603,65.08,81,86,8.48,ES,2022-06-22 19:38:46
147,Okakarara,-20.5833,17.4333,49.51,16,0,7.0,NA,2022-06-22 19:38:46
148,Sao Filipe,14.8961,-24.4956,76.15,87,73,5.08,CV,2022-06-22 19:38:46
149,Ghanzi,-21.5667,21.7833,55.38,39,8,3.13,BW,2022-06-22 19:38:47
150,Parkes,-33.1333,148.1833,47.35,86,80,2.21,AU,2022-06-22 19:38:47
151,The Valley,18.217,-63.0578,87.66,65,20,12.66,AI,2022-06-22 19:38:47
152,Pringsewu,-5.3582,104.9744,72.77,97,100,0.98,ID,2022-06-22 19:38:48
153,Karaton,-6.3424,106.1045,74.25,94,100,1.1,ID,2022-06-22 19:38:48
154,Saint George,37.1041,-113.5841,92.62,11,0,3.44,US,2022-06-22 19:38:48
155,High Level,58.5169,-117.136,59.11,94,100,2.3,CA,2022-06-22 19:35:05
156,Asgabat,37.95,58.3833,85.86,16,0,11.5,TM,2022-06-22 19:38:49
157,Garowe,8.4054,48.4845,79.03,53,90,22.73,SO,2022-06-22 19:38:49
158,Rocha,-34.4833,-54.3333,48.58,72,100,11.12,UY,2022-06-22 19:38:50
159,Ostuni,40.7276,17.5764,78.58,53,3,6.85,IT,2022-06-22 19:38:50
160,Jumla,29.2747,82.1838,57.72,92,9,0.25,NP,2022-06-22 19:38:50
161,Praia Da Vitoria,38.7333,-27.0667,69.76,82,75,14.99,PT,2022-06-22 19:38:51
162,Singaraja,-8.112,115.0882,79.14,79,100,3.38,ID,2022-06-22 19:38:51
163,Labuhan,-6.8844,112.2051,77.07,82,97,7.34,ID,2022-06-22 19:38:52
164,Partenit,44.578,34.3446,65.34,68,34,9.53,UA,2022-06-22 19:38:52
165,Oranjemund,-28.55,16.4333,54.25,86,0,0.6,NA,2022-06-22 19:38:52
166,Tiksi,71.6872,128.8694,39.74,62,10,13.47,RU,2022-06-22 19:38:53
167,Talnakh,69.4865,88.3972,69.21,43,99,4.29,RU,2022-06-22 19:38:53
168,Westport,41.1415,-73.3579,64.11,94,100,9.22,US,2022-06-22 19:38:53
169,Barrow,71.2906,-156.7887,46.42,87,100,9.22,US,2022-06-22 19:38:54
170,Narsaq,60.9167,-46.05,55.62,50,0,2.26,GL,2022-06-22 19:38:54
171,Rafai,4.95,23.9167,68.83,97,50,1.52,CF,2022-06-22 19:38:54
172,Swellendam,-34.0226,20.4417,63.19,58,99,3.62,ZA,2022-06-22 19:38:55
173,La Tuque,47.4334,-72.7824,66.45,77,81,8.05,CA,2022-06-22 19:35:06
174,Sorokino,53.75,84.9167,63.82,96,86,3.65,RU,2022-06-22 19:38:55
175,Pangoa,-12.1167,-73.0,78.48,62,89,3.13,PE,2022-06-22 19:38:55
176,Tasiilaq,65.6145,-37.6368,42.96,77,6,5.3,GL,2022-06-22 19:38:56
177,Port Blair,11.6667,92.75,80.64,83,75,2.3,IN,2022-06-22 19:38:56
178,Ponta Do Sol,32.6667,-17.1,71.01,68,45,8.72,PT,2022-06-22 19:38:56
179,Shwebo,22.5667,95.7,82.17,69,100,13.78,MM,2022-06-22 19:38:57
180,Huntington,38.4193,-82.4452,95.74,55,75,3.44,US,2022-06-22 19:37:38
181,Ust-Tsilma,65.441,52.1498,48.13,73,100,8.14,RU,2022-06-22 19:39:57
182,Nanortalik,60.1432,-45.2371,41.63,75,1,18.88,GL,2022-06-22 19:39:57
183,Qaanaaq,77.484,-69.3632,39.33,61,9,1.19,GL,2022-06-22 19:39:58
184,Laurel,39.0993,-76.8483,86.45,69,40,9.22,US,2022-06-22 19:35:58
185,Kalabo,-14.97,22.6814,60.48,44,0,5.08,ZM,2022-06-22 19:39:58
186,Paka,4.6374,103.4368,75.13,94,100,0.0,MY,2022-06-22 19:39:59
187,Newport,51.5877,-2.9984,75.31,74,2,5.46,GB,2022-06-22 19:38:06
188,Anchorage,61.2181,-149.9003,73.85,55,0,5.75,US,2022-06-22 19:36:27
189,Ketchikan,55.3422,-131.6461,55.94,60,63,4.56,US,2022-06-22 19:35:42
190,Cabedelo,-6.9811,-34.8339,72.27,86,100,8.28,BR,2022-06-22 19:38:15
191,Broken Hill,-31.95,141.4333,51.4,73,75,9.4,AU,2022-06-22 19:39:59
192,Kuytun,54.3419,101.5036,48.99,76,16,5.7,RU,2022-06-22 19:40:00
193,Lantawan,10.6167,123.9833,74.89,82,100,2.15,PH,2022-06-22 19:40:00
194,Zholymbet,51.7433,71.7122,64.31,60,0,9.42,KZ,2022-06-22 19:40:00
195,Cidreira,-30.1811,-50.2056,61.38,94,97,8.61,BR,2022-06-22 19:40:01
196,Vikulovo,56.8167,70.6107,56.91,97,93,11.72,RU,2022-06-22 19:40:01
197,Teguldet,57.3064,88.1667,55.67,98,40,3.87,RU,2022-06-22 19:40:02
198,Yar-Sale,66.8333,70.8333,64.56,67,5,5.48,RU,2022-06-22 19:40:02
199,Guerrero Negro,27.9769,-114.0611,82.9,39,0,14.25,MX,2022-06-22 19:40:03
200,Anqing,30.5092,117.0506,75.24,89,92,6.49,CN,2022-06-22 19:40:03
201,Hobyo,5.3505,48.5268,78.15,82,100,25.66,SO,2022-06-22 19:40:04
202,Salinopolis,-0.6136,-47.3561,81.01,74,93,8.46,BR,2022-06-22 19:40:05
203,Asau,46.4333,26.4,63.52,65,73,3.69,RO,2022-06-22 19:40:05
204,Karratha,-20.7377,116.8463,71.83,39,0,9.98,AU,2022-06-22 19:40:06
205,Green River,41.5286,-109.4662,79.2,18,4,5.99,US,2022-06-22 19:40:06
206,Bambous Virieux,-20.3428,57.7575,70.05,78,40,11.5,MU,2022-06-22 19:40:07
207,Tilichiki,60.4667,166.1,44.15,98,100,1.54,RU,2022-06-22 19:40:07
208,Beringovskiy,63.05,179.3167,46.87,84,100,9.33,RU,2022-06-22 19:40:08
209,Namatanai,-3.6667,152.4333,79.0,81,97,4.81,PG,2022-06-22 19:40:08
210,Santa Maria,-29.6842,-53.8069,58.3,100,75,5.75,BR,2022-06-22 19:37:13
211,Saint-Augustin,51.226,-58.6502,56.17,72,100,15.08,CA,2022-06-22 19:40:09
212,San Cristobal,7.7669,-72.225,84.38,46,16,9.78,VE,2022-06-22 19:37:57
213,Victoria,22.2855,114.1577,85.32,86,37,5.99,HK,2022-06-22 19:38:53
214,Taoudenni,22.6783,-3.9836,104.07,14,14,8.28,ML,2022-06-22 19:40:11
215,East London,-33.0153,27.9116,66.7,77,96,18.9,ZA,2022-06-22 19:40:11
216,Mancio Lima,-7.6142,-72.8958,84.27,70,75,5.75,BR,2022-06-22 19:40:11
217,Poso,-1.3959,120.7524,76.3,84,100,4.14,ID,2022-06-22 19:40:12
218,Sur,22.5667,59.5289,86.72,69,2,20.49,OM,2022-06-22 19:40:13
219,Kamina,-8.7386,24.9906,62.15,50,0,2.33,CD,2022-06-22 19:40:13
220,Marystown,47.1666,-55.1483,59.76,72,27,10.18,CA,2022-06-22 19:40:14
221,Maxixe,-23.8597,35.3472,67.82,77,40,6.91,MZ,2022-06-22 19:40:14
222,Kondinskoye,59.6481,67.41,55.06,90,31,5.39,RU,2022-06-22 19:40:14
223,Along,28.1667,94.7667,74.05,99,99,1.25,IN,2022-06-22 19:40:16
224,Rundu,-17.9333,19.7667,59.07,39,0,1.3,NA,2022-06-22 19:40:16
225,Port Lincoln,-34.7333,135.8667,56.12,65,100,15.82,AU,2022-06-22 19:35:34
226,Calvia,39.5657,2.5062,77.47,73,0,11.65,ES,2022-06-22 19:41:17
227,Kindu,-2.95,25.95,72.84,83,26,1.99,CD,2022-06-22 19:39:07
228,Oban,56.4127,-5.4706,56.37,91,98,4.88,GB,2022-06-22 19:41:17
229,Tondano,1.3038,124.9112,64.49,90,15,1.3,ID,2022-06-22 19:41:18
230,Kutum,14.2,24.6667,87.19,16,93,8.7,SD,2022-06-22 19:41:18
231,Durant,33.994,-96.3708,100.49,36,75,5.75,US,2022-06-22 19:37:04
232,Berlevag,70.8578,29.0864,44.4,93,100,6.91,NO,2022-06-22 19:41:19
233,Makakilo City,21.3469,-158.0858,80.92,62,75,8.05,US,2022-06-22 19:41:19
234,Xinqing,48.2333,129.5,60.55,96,100,2.1,CN,2022-06-22 19:41:20
235,Pangnirtung,66.1451,-65.7125,42.8,81,20,5.75,CA,2022-06-22 19:41:20
236,Nuevitas,21.5453,-77.2644,84.0,64,76,10.56,CU,2022-06-22 19:41:20
237,Khorixas,-20.3667,14.9667,53.2,30,0,5.37,NA,2022-06-22 19:41:21
238,Pevek,69.7008,170.3133,43.72,56,100,18.07,RU,2022-06-22 19:41:22
239,Thompson,55.7435,-97.8558,77.16,38,40,12.66,CA,2022-06-22 19:41:22
240,Salinas,36.6777,-121.6555,96.01,29,0,13.8,US,2022-06-22 19:37:00
241,Kruisfontein,-34.0033,24.7314,58.89,60,100,5.46,ZA,2022-06-22 19:41:23
242,Sakhon Nakhon,17.1612,104.1472,80.28,75,100,4.21,TH,2022-06-22 19:41:23
243,Namibe,-15.1961,12.1522,62.38,72,0,2.26,AO,2022-06-22 19:41:23
244,Djougou,9.7085,1.666,71.51,87,100,5.3,BJ,2022-06-22 19:41:24
245,Taltal,-25.4,-70.4833,59.68,54,100,4.38,CL,2022-06-22 19:41:24
246,Chimoio,-19.1164,33.4833,58.86,88,40,1.52,MZ,2022-06-22 19:41:25
247,Lavrentiya,65.5833,-171.0,41.4,95,100,8.14,RU,2022-06-22 19:41:25
248,Myitkyina,25.3833,97.4,75.13,98,100,1.14,MM,2022-06-22 19:41:26
249,Lagunillas,10.1301,-71.2595,87.1,63,74,8.68,VE,2022-06-22 19:41:26
250,Axim,4.8699,-2.2405,75.09,91,100,5.91,GH,2022-06-22 19:41:27
251,Monrovia,6.3005,-10.7969,80.37,82,99,7.81,LR,2022-06-22 19:36:59
252,Middle Island,40.8843,-72.9373,63.39,95,100,5.75,US,2022-06-22 19:41:27
253,Neiafu,-18.65,-173.9833,74.08,78,20,0.0,TO,2022-06-22 19:41:28
254,Bedford,52.1346,-0.4663,72.73,73,34,7.29,GB,2022-06-22 19:41:23
255,Almaty,43.25,76.95,75.11,53,75,6.71,KZ,2022-06-22 19:41:28
256,Port Hardy,50.6996,-127.4199,55.58,67,75,14.97,CA,2022-06-22 19:41:29
257,Ilulissat,69.2167,-51.1,35.55,83,66,3.71,GL,2022-06-22 19:41:29
258,Ormara,25.2088,64.6357,83.44,81,24,4.61,PK,2022-06-22 19:41:29
259,Dandong,40.1292,124.3947,68.54,94,100,4.76,CN,2022-06-22 19:38:08
260,Kemin,42.7846,75.6892,60.4,97,52,1.32,KG,2022-06-22 19:41:30
261,Half Moon Bay,37.4636,-122.4286,101.53,50,40,6.91,US,2022-06-22 19:41:30
262,Jiujiang,29.7333,115.9833,76.75,93,47,4.79,CN,2022-06-22 19:41:31
263,Platanos,37.6667,21.6167,79.09,64,0,2.06,GR,2022-06-22 19:41:31
264,Edirne,41.6772,26.556,70.81,54,1,3.11,TR,2022-06-22 19:41:31
265,Dale,38.1689,-86.99,96.71,52,0,9.22,US,2022-06-22 19:41:32
266,Carutapera,-1.195,-46.02,77.23,91,100,7.4,BR,2022-06-22 19:41:32
267,Mogadouro,41.3403,-6.7119,56.01,79,41,4.97,PT,2022-06-22 19:41:32
268,Adiake,5.2863,-3.304,75.4,88,100,4.85,CI,2022-06-22 19:41:33
269,Agadez,19.75,10.25,94.57,12,3,5.57,NE,2022-06-22 19:41:33
270,Yerbogachen,61.2767,108.0108,57.15,59,100,3.78,RU,2022-06-22 19:41:33
271,Broome,42.2506,-75.833,79.57,76,40,17.27,US,2022-06-22 19:42:34
272,Revelganj,25.7833,84.6667,85.91,51,24,8.05,IN,2022-06-22 19:42:34
273,Touros,-5.1989,-35.4608,77.67,83,100,9.6,BR,2022-06-22 19:42:34
274,Paita,-5.0892,-81.1144,69.82,69,17,16.82,PE,2022-06-22 19:42:35
275,Richards Bay,-28.783,32.0377,66.99,66,100,7.29,ZA,2022-06-22 19:42:35
276,Martapura,-3.4167,114.85,73.49,94,75,3.44,ID,2022-06-22 19:42:35
277,Nerchinskiy Zavod,51.3088,119.61,52.57,92,45,3.67,RU,2022-06-22 19:42:36
278,Coihaique,-45.5752,-72.0662,38.01,50,0,3.47,CL,2022-06-22 19:38:54
279,Hendersonville,36.3048,-86.62,101.77,36,1,4.0,US,2022-06-22 19:39:59
280,Tadine,-21.55,167.8833,69.51,69,100,9.4,NC,2022-06-22 19:42:36
281,Yumen,40.2833,97.2,73.8,28,0,8.61,CN,2022-06-22 19:42:37
282,Pundaguitan,6.3711,126.1689,82.44,71,99,4.43,PH,2022-06-22 19:42:37
283,Esil,51.9556,66.4042,67.01,77,100,12.33,KZ,2022-06-22 19:42:37
284,Kuybyshevo,47.8123,38.9073,61.57,62,79,4.54,RU,2022-06-22 19:42:38
285,Cabo San Lucas,22.8909,-109.9124,91.62,48,40,8.05,MX,2022-06-22 19:42:38
286,Tura,25.5198,90.2201,73.47,98,64,4.9,IN,2022-06-22 19:42:38
287,Bardiyah,31.7561,25.0865,74.98,81,0,13.38,LY,2022-06-22 19:42:39
288,Nesebar,42.7833,27.7333,67.35,74,33,0.63,BG,2022-06-22 19:42:39
289,Erdenet,49.0333,104.0833,51.12,88,4,2.28,MN,2022-06-22 19:42:39
290,Kidal,18.4411,1.4078,99.52,10,29,5.97,ML,2022-06-22 19:42:40
291,Sarankhola,22.3082,89.7897,78.44,92,44,4.34,BD,2022-06-22 19:42:40
292,Lebu,-37.6167,-73.65,48.58,89,100,6.51,CL,2022-06-22 19:42:41
293,Hambantota,6.1241,81.1185,79.47,83,100,14.14,LK,2022-06-22 19:42:41
294,Zalantun,48.0,122.7167,66.79,66,75,2.64,CN,2022-06-22 19:42:41
295,Skjervoy,70.0311,20.9714,48.2,69,66,13.76,NO,2022-06-22 19:42:41
296,Baraboo,43.4711,-89.7443,82.29,53,75,9.22,US,2022-06-22 19:42:42
297,Grand-Lahou,5.1367,-5.0242,76.57,87,99,8.34,CI,2022-06-22 19:42:42
298,Saravena,6.9538,-71.8752,84.88,62,61,1.54,CO,2022-06-22 19:41:28
299,Fairbanks,64.8378,-147.7164,70.3,60,40,3.44,US,2022-06-22 19:39:21
300,Leh,34.1667,77.5833,53.22,52,66,2.17,IN,2022-06-22 19:42:43
301,Beltinci,46.6053,16.2406,70.86,96,100,2.73,SI,2022-06-22 19:42:43
302,Hernani,43.2662,-1.9762,69.4,84,20,3.44,ES,2022-06-22 19:42:44
303,Pisco,-13.7,-76.2167,61.02,88,100,10.36,PE,2022-06-22 19:42:24
304,Nokaneng,-19.6667,22.2667,61.77,42,38,6.73,BW,2022-06-22 19:42:44
305,Dicabisagan,17.0818,122.4157,78.24,80,82,1.81,PH,2022-06-22 19:42:44
306,El Alto,-4.2714,-81.2147,74.86,66,20,23.87,PE,2022-06-22 19:42:45
307,Bairiki,1.3292,172.9752,80.6,83,40,4.61,KI,2022-06-22 19:42:45
308,Saint Anthony,45.0205,-93.218,84.74,47,40,10.36,US,2022-06-22 19:42:45
309,Yulara,-25.2406,130.9889,50.36,54,0,7.67,AU,2022-06-22 19:42:46
310,Bolu,40.6667,31.5833,55.76,82,0,1.5,TR,2022-06-22 19:42:46
311,Basco,20.4487,121.9702,85.35,74,17,11.63,PH,2022-06-22 19:42:46
312,Hofn,64.2539,-15.2082,53.62,54,20,23.02,IS,2022-06-22 19:42:47
313,Coquimbo,-29.9533,-71.3436,65.93,55,40,20.71,CL,2022-06-22 19:42:47
314,Salalah,17.0151,54.0924,82.49,83,75,11.5,OM,2022-06-22 19:42:47
315,Omsukchan,62.5333,155.8,44.37,90,81,10.58,RU,2022-06-22 19:42:48
316,Provideniya,64.3833,-173.3,42.08,98,100,10.11,RU,2022-06-22 19:43:48
317,Hammerfest,70.6634,23.6821,43.25,93,20,3.44,NO,2022-06-22 19:42:48
318,Lazaro Cardenas,17.9583,-102.2,82.4,70,100,6.04,MX,2022-06-22 19:43:48
319,Valparaiso,-33.0393,-71.6273,60.44,69,100,11.5,CL,2022-06-22 19:43:49
320,Copiapo,-27.3667,-70.3333,60.49,39,6,6.93,CL,2022-06-22 19:43:49
321,La Rioja,42.25,-2.5,67.78,58,93,0.04,ES,2022-06-22 19:39:56
322,Hoquiam,46.9809,-123.8893,67.42,77,100,17.27,US,2022-06-22 19:43:49
323,Yeppoon,-23.1333,150.7333,47.98,80,0,6.4,AU,2022-06-22 19:43:50
324,Birjand,32.8663,59.2211,77.47,14,0,16.11,IR,2022-06-22 19:43:50
325,Lalmohan,22.3384,90.7419,80.85,84,78,8.32,BD,2022-06-22 19:43:50
326,Ryotsu,38.0833,138.4333,70.45,83,100,3.98,JP,2022-06-22 19:43:51
327,Tateyama,34.9833,139.8667,72.1,92,98,6.93,JP,2022-06-22 19:43:51
328,Olafsvik,64.8945,-23.7142,45.39,69,54,19.48,IS,2022-06-22 19:43:52
329,Den Helder,52.9599,4.7593,64.96,83,41,15.99,NL,2022-06-22 19:43:33
330,Mnogovershinnyy,53.9353,139.9242,57.67,82,37,3.85,RU,2022-06-22 19:43:52
331,College,64.8569,-147.8028,71.2,59,75,3.44,US,2022-06-22 19:43:52
332,Stokmarknes,68.5646,14.9108,53.56,71,100,3.44,NO,2022-06-22 19:43:53
333,Bonavista,48.6499,-53.1147,54.55,81,28,9.98,CA,2022-06-22 19:43:53
334,Chokurdakh,70.6333,147.9167,40.93,69,78,14.63,RU,2022-06-22 19:43:54
335,Kahului,20.8947,-156.47,84.22,64,20,13.8,US,2022-06-22 19:43:54
336,Puerto Colombia,10.9878,-74.9547,87.89,75,85,13.15,CO,2022-06-22 19:43:54
337,Porrentruy,47.4153,7.0752,65.34,92,98,6.02,CH,2022-06-22 19:43:55
338,Yazman,29.1212,71.7446,87.42,46,0,14.07,PK,2022-06-22 19:43:55
339,Sterling,39.0062,-77.4286,86.52,76,40,3.44,US,2022-06-22 19:43:55
340,Tornio,65.8481,24.1466,50.02,74,100,6.06,FI,2022-06-22 19:43:55
341,Jimma,7.6667,36.8333,58.51,96,91,2.17,ET,2022-06-22 19:43:56
342,Tres Arroyos,-38.3739,-60.2798,45.09,52,100,5.68,AR,2022-06-22 19:43:23
343,Forssa,60.8146,23.6215,57.97,79,37,5.59,FI,2022-06-22 19:43:56
344,Ambon,-3.6954,128.1814,76.23,16,40,4.61,ID,2022-06-22 19:43:57
345,Germantown,39.1732,-77.2717,85.53,76,100,4.61,US,2022-06-22 19:39:12
346,Atar,20.5169,-13.0499,97.45,28,29,10.51,MR,2022-06-22 19:43:57
347,Srednekolymsk,67.45,153.6833,52.23,92,100,9.86,RU,2022-06-22 19:43:57
348,Turukhansk,65.8167,87.9833,65.62,50,8,9.1,RU,2022-06-22 19:43:58
349,Estelle,29.8458,-90.1067,98.01,47,40,5.75,US,2022-06-22 19:43:58
350,Imbituba,-28.24,-48.6703,60.85,99,83,5.01,BR,2022-06-22 19:43:58
351,Det Udom,14.906,105.0784,78.62,83,100,5.28,TH,2022-06-22 19:43:59
352,Oktyabrskiy,54.4815,53.471,58.77,96,100,6.49,RU,2022-06-22 19:43:59
353,Szczecinek,53.7079,16.6994,56.08,77,0,4.65,PL,2022-06-22 19:43:59
354,Chara,56.9064,118.2631,56.57,88,100,1.79,RU,2022-06-22 19:44:00
355,Yarada,17.65,83.2667,82.72,89,40,2.3,IN,2022-06-22 19:44:00
356,Tautira,-17.7333,-149.15,78.76,77,1,12.03,PF,2022-06-22 19:44:00
357,Koslan,63.4564,48.8989,53.6,58,100,4.32,RU,2022-06-22 19:44:01
358,Lantana,26.5867,-80.052,87.06,62,75,6.91,US,2022-06-22 19:44:01
359,Bastia,42.6667,9.3333,78.6,89,75,3.44,FR,2022-06-22 19:44:01
360,Cedar City,37.6775,-113.0619,74.37,17,75,4.61,US,2022-06-22 19:41:11
361,Kupang,-10.1667,123.5833,77.04,69,100,13.98,ID,2022-06-22 19:45:02
362,Saint-Georges,12.0564,-61.7485,85.68,74,20,18.41,GD,2022-06-22 19:43:04
363,Presidencia Roque Saenz Pena,-26.7852,-60.4388,54.01,65,100,8.63,AR,2022-06-22 19:45:03
364,Ocos,14.5094,-92.1933,82.74,74,100,11.03,GT,2022-06-22 19:45:03
365,Qasigiannguit,68.8193,-51.1922,34.18,97,99,2.8,GL,2022-06-22 19:45:04
366,Tromso,69.6496,18.957,51.39,71,0,14.97,NO,2022-06-22 19:45:04
367,Bathsheba,13.2167,-59.5167,86.61,70,40,13.8,BB,2022-06-22 19:45:05
368,Saint-Joseph,-21.3667,55.6167,64.78,67,5,2.35,RE,2022-06-22 19:45:06
369,Necochea,-38.5473,-58.7368,43.93,55,79,5.75,AR,2022-06-22 19:41:18
370,Veraval,20.9,70.3667,86.07,73,77,12.19,IN,2022-06-22 19:45:06
371,Mount Isa,-20.7333,139.5,60.57,48,0,8.05,AU,2022-06-22 19:45:07
372,Durban,-29.8579,31.0292,66.02,83,7,3.0,ZA,2022-06-22 19:42:09
373,Nuuk,64.1835,-51.7216,43.41,81,75,5.75,GL,2022-06-22 19:45:08
374,Batagay,67.6333,134.6333,45.68,83,55,6.91,RU,2022-06-22 19:45:08
375,Tarko-Sale,64.9225,77.785,69.17,62,61,11.21,RU,2022-06-22 19:45:09
376,Dunedin,-45.8742,170.5036,41.81,74,61,1.99,NZ,2022-06-22 19:45:09
377,Rangia,26.4667,91.6333,80.55,92,100,6.85,IN,2022-06-22 19:45:10
378,Gornopravdinsk,60.05,69.9,54.81,94,70,4.56,RU,2022-06-22 19:45:10
379,Marsa Matruh,31.3525,27.2453,75.4,88,0,10.36,EG,2022-06-22 19:45:11
380,Thiruvananthapuram,8.4833,76.9167,82.38,74,40,4.61,IN,2022-06-22 19:43:16
381,Soyo,-6.1349,12.3689,71.02,85,31,8.21,AO,2022-06-22 19:45:11
382,Koumac,-20.5667,164.2833,69.71,68,100,5.75,NC,2022-06-22 19:45:12
383,Erenhot,43.6475,111.9767,70.66,41,65,10.04,CN,2022-06-22 19:45:12
384,Honningsvag,70.9821,25.9704,44.35,81,100,8.05,NO,2022-06-22 19:45:13
385,Palestine,31.9216,35.2033,67.46,89,27,6.71,PS,2022-06-22 19:45:13
386,Bougouni,11.417,-7.479,75.78,74,100,14.32,ML,2022-06-22 19:45:21
387,Nashville,36.1659,-86.7844,101.7,36,0,6.91,US,2022-06-22 19:43:44
388,Manali,13.1667,80.2667,86.09,87,100,14.43,IN,2022-06-22 19:45:22
389,Constitucion,-35.3333,-72.4167,54.61,79,100,11.5,CL,2022-06-22 19:45:22
390,Felipe Carrillo Puerto,19.5833,-88.05,91.81,43,6,6.55,MX,2022-06-22 19:45:22
391,Vestmanna,62.1564,-7.1664,49.12,87,75,12.66,FO,2022-06-22 19:45:23
392,Pallasovka,50.05,46.8833,69.96,61,88,8.75,RU,2022-06-22 19:45:23
393,Wajir,1.7471,40.0573,78.12,59,82,22.35,KE,2022-06-22 19:45:24
394,Laguna,38.421,-121.4238,100.76,20,0,13.8,US,2022-06-22 19:45:24
395,Tessalit,20.1986,1.0114,100.87,9,99,8.93,ML,2022-06-22 19:45:25
396,Matane,48.8286,-67.522,68.09,59,77,9.57,CA,2022-06-22 19:41:26
397,Ponta Delgada,37.7333,-25.6667,67.5,77,40,18.41,PT,2022-06-22 19:45:25
398,Slobodskoy,58.7322,50.1772,51.3,98,59,4.16,RU,2022-06-22 19:45:25
399,Mirabad,30.4362,61.8383,88.21,12,0,8.16,AF,2022-06-22 19:45:26
400,Fortuna,40.5982,-124.1573,72.93,69,20,3.0,US,2022-06-22 19:45:26
401,Abidjan,5.3094,-4.0197,76.96,94,20,6.91,CI,2022-06-22 19:45:27
402,Capiibary,-24.8,-56.0333,74.08,72,82,4.79,PY,2022-06-22 19:45:27
403,Kalmunai,7.4167,81.8167,81.21,75,100,5.14,LK,2022-06-22 19:45:28
404,Sibu,2.3,111.8167,77.31,88,40,3.44,MY,2022-06-22 19:45:28
405,Prabumulih,-3.45,104.25,72.39,99,100,3.09,ID,2022-06-22 19:45:28
406,Husavik,66.0449,-17.3389,39.92,79,99,21.34,IS,2022-06-22 19:45:29
407,Corner Brook,48.9667,-57.9484,68.16,59,87,7.27,CA,2022-06-22 19:44:16
408,Pecos,31.4229,-103.4932,95.09,23,0,11.5,US,2022-06-22 19:45:29
409,Gizo,-8.103,156.8419,81.45,75,9,4.18,SB,2022-06-22 19:45:30
410,Vila Velha,-20.3297,-40.2925,80.55,81,20,11.5,BR,2022-06-22 19:46:30
411,Chifeng,42.2683,118.9636,62.89,78,4,5.3,CN,2022-06-22 19:41:49
412,Haines Junction,60.7522,-137.5108,58.95,63,100,11.5,CA,2022-06-22 19:46:30
413,Udalguri,26.7667,92.1333,77.52,93,100,2.73,IN,2022-06-22 19:46:31
414,Novyy Rogachik,48.6768,44.0608,68.9,83,100,4.45,RU,2022-06-22 19:46:31
415,Arboletes,8.8505,-76.4269,82.63,77,75,10.89,CO,2022-06-22 19:46:31
416,Trelleborg,55.3751,13.1569,62.98,82,96,4.65,SE,2022-06-22 19:46:32
417,Kokopo,-4.352,152.2633,76.69,85,80,6.35,PG,2022-06-22 19:46:32
418,Margate,51.3813,1.3862,62.87,77,0,4.0,GB,2022-06-22 19:46:32
419,Rudnya,54.947,31.0934,53.6,91,36,7.96,RU,2022-06-22 19:46:33
420,San Luis,-33.295,-66.3356,47.1,60,100,2.26,AR,2022-06-22 19:46:33
421,Sakakah,29.9697,40.2064,83.77,28,0,10.16,SA,2022-06-22 19:46:34
422,Do Gonbadan,30.3586,50.7981,89.69,19,0,2.3,IR,2022-06-22 19:46:34
423,Rafaela,-31.2503,-61.4867,54.0,50,100,5.01,AR,2022-06-22 19:46:35
424,San Rafael,-34.6177,-68.3301,39.88,60,100,5.41,AR,2022-06-22 19:46:36
425,Krasnoselkup,65.7,82.4667,68.14,50,80,10.96,RU,2022-06-22 19:46:36
426,Nargana,9.4428,-78.5906,80.06,81,100,3.06,PA,2022-06-22 19:46:37
427,Vila Franca Do Campo,37.7167,-25.4333,67.19,82,59,11.83,PT,2022-06-22 19:46:37
428,Ongandjera,-17.8833,15.0667,57.09,23,0,4.07,NA,2022-06-22 19:46:37
429,Yetkul,54.8221,61.588,57.22,85,10,7.83,RU,2022-06-22 19:46:38
430,Aykhal,66.0,111.5,67.1,48,98,4.76,RU,2022-06-22 19:46:38
431,Bandarbeyla,9.4942,50.8122,77.0,83,100,30.49,SO,2022-06-22 19:46:38
432,Yvetot,49.6174,0.7581,71.6,73,65,7.83,FR,2022-06-22 19:46:39
433,Marquette,46.5333,-87.6335,68.77,57,16,9.66,US,2022-06-22 19:46:39
434,Ameca,20.55,-104.0333,85.68,35,97,4.74,MX,2022-06-22 19:46:39
435,Korla,41.7597,86.1469,83.37,17,35,7.9,CN,2022-06-22 19:46:40
436,Balabac,7.9868,117.0645,81.48,76,94,7.23,PH,2022-06-22 19:46:40
437,Nisia Floresta,-6.0911,-35.2086,77.38,91,100,5.99,BR,2022-06-22 19:46:40
438,Alyangula,-13.8483,136.4192,74.26,65,20,19.6,AU,2022-06-22 19:46:41
439,Portland,45.5234,-122.6762,79.63,63,20,9.22,US,2022-06-22 19:44:09
440,Asahi,35.7167,140.65,68.38,94,100,7.2,JP,2022-06-22 19:46:41
441,Sobolevo,54.4299,31.8996,54.34,91,37,8.93,RU,2022-06-22 19:46:41
442,Matata,-37.8833,176.75,41.85,80,100,8.16,NZ,2022-06-22 19:46:42
443,Kousseri,12.0769,15.0306,90.66,38,9,6.62,CM,2022-06-22 19:46:42
444,Katangli,51.7102,143.2326,51.93,91,100,4.63,RU,2022-06-22 19:46:43
445,Pemangkat,1.1667,108.9667,77.29,89,100,4.79,ID,2022-06-22 19:46:43
446,Henties Bay,-22.116,14.2845,56.07,85,0,10.18,NA,2022-06-22 19:46:43
447,Portree,57.4129,-6.1942,53.53,96,100,12.06,GB,2022-06-22 19:46:44
448,Saldanha,-33.0117,17.9442,60.85,90,80,6.53,ZA,2022-06-22 19:46:44
449,Dudinka,69.4058,86.1778,69.62,47,42,7.2,RU,2022-06-22 19:46:44
450,Quatre Cocos,-20.2078,57.7625,69.91,77,22,11.81,MU,2022-06-22 19:46:45
451,Saskylakh,71.9167,114.0833,49.28,50,25,8.55,RU,2022-06-22 19:46:45
452,Batemans Bay,-35.7167,150.1833,45.1,83,40,4.47,AU,2022-06-22 19:46:45
453,Codrington,-38.2667,141.9667,51.53,95,100,14.7,AU,2022-06-22 19:46:46
454,Cherskiy,68.75,161.3,59.63,39,100,15.84,RU,2022-06-22 19:47:46
455,Alofi,-19.0595,-169.9187,76.89,83,84,9.22,NU,2022-06-22 19:42:51
456,Kirakira,-10.4544,161.9205,79.11,84,100,4.83,SB,2022-06-22 19:47:46
457,Solnechnyy,50.7214,136.6319,61.16,98,100,6.53,RU,2022-06-22 19:47:47
458,Ulladulla,-35.35,150.4667,47.05,85,63,4.88,AU,2022-06-22 19:47:47
459,Nagato,34.3833,131.2,72.86,94,12,8.95,JP,2022-06-22 19:47:47
460,Tuatapere,-46.1333,167.6833,36.39,76,100,4.74,NZ,2022-06-22 19:47:48
461,Ahipara,-35.1667,173.1667,47.62,74,1,4.76,NZ,2022-06-22 19:47:48
462,Abu Dhabi,24.4667,54.3667,95.11,63,0,1.14,AE,2022-06-22 19:42:54
463,Sun Valley,39.5963,-119.776,89.24,13,75,5.75,US,2022-06-22 19:47:49
464,Mandalgovi,45.7625,106.2708,62.13,49,88,6.2,MN,2022-06-22 19:47:49
465,Marienburg,54.0359,19.0266,59.58,84,33,4.81,PL,2022-06-22 19:47:50
466,Sechura,-5.5569,-80.8222,75.07,57,19,14.5,PE,2022-06-22 19:47:50
467,Aksarka,66.5606,67.7975,61.52,88,18,9.37,RU,2022-06-22 19:47:50
468,Livingstonia,-10.606,34.1063,55.85,79,2,5.64,MW,2022-06-22 19:47:51
469,Dawson Creek,55.7666,-120.2362,64.04,42,75,12.66,CA,2022-06-22 19:47:51
470,San Alberto,7.7611,-73.3922,86.74,72,41,3.15,CO,2022-06-22 19:47:51
471,Caninde,-4.3589,-39.3117,76.78,75,100,6.46,BR,2022-06-22 19:47:52
472,Bonfim,3.0833,-59.95,85.12,65,63,3.51,BR,2022-06-22 19:47:52
473,Itaituba,-4.2761,-55.9836,95.16,52,20,5.75,BR,2022-06-22 19:47:52
474,Porto Novo,6.4965,2.6036,78.62,95,100,5.82,BJ,2022-06-22 19:43:54
475,Caravelas,-17.7125,-39.2481,73.53,82,0,5.55,BR,2022-06-22 19:47:53
476,Mao,39.8885,4.2658,75.76,88,20,12.66,ES,2022-06-22 19:47:53
477,Kharan,28.5833,65.4167,85.73,37,0,17.34,PK,2022-06-22 19:47:53
478,Kintinku,-5.8833,35.2333,69.24,50,30,8.43,TZ,2022-06-22 19:47:54
479,Vanimo,-2.6741,141.3028,76.48,89,48,4.54,PG,2022-06-22 19:47:54
480,Novikovo,51.1537,37.8879,57.81,88,62,4.94,RU,2022-06-22 19:47:54
481,Kaliua,-5.0606,31.7936,65.1,41,5,4.88,TZ,2022-06-22 19:47:55
482,Livny,52.4253,37.6069,60.37,92,100,15.52,RU,2022-06-22 19:47:55
483,Rivadavia,-33.1905,-68.4608,42.3,58,96,10.51,AR,2022-06-22 19:43:22
484,Nguruka,-5.1092,31.0419,65.05,43,4,4.45,TZ,2022-06-22 19:47:56
485,Mackay,-21.15,149.2,52.68,80,12,12.08,AU,2022-06-22 19:44:59
486,Lyngseidet,69.5763,20.2189,48.2,71,100,9.04,NO,2022-06-22 19:47:56
487,Muroto,33.2833,134.15,75.45,88,0,1.9,JP,2022-06-22 19:47:57
488,Chernenko,44.365,39.3103,58.77,95,10,4.07,RU,2022-06-22 19:47:57
489,Gondar,12.6,37.4667,60.96,78,100,1.54,ET,2022-06-22 19:47:57
490,Orissaare,58.5592,23.0826,60.94,67,21,3.65,EE,2022-06-22 19:47:58
491,Sambava,-14.2667,50.1667,68.23,75,20,13.18,MG,2022-06-22 19:47:58
492,Kuvshinovo,57.0295,34.1725,51.69,90,4,3.36,RU,2022-06-22 19:47:59
493,Orange Cove,36.6244,-119.3137,90.79,23,100,1.52,US,2022-06-22 19:47:59
494,Seoul,37.5683,126.9778,71.2,88,75,3.44,KR,2022-06-22 19:47:59
495,Wenling,28.3669,121.36,75.07,96,52,12.1,CN,2022-06-22 19:48:00
496,Ilhabela,-23.7781,-45.3581,73.94,71,1,3.24,BR,2022-06-22 19:48:00
497,Fort Saint James,54.4333,-124.25,56.05,39,100,10.58,CA,2022-06-22 19:49:01
498,Nyurba,63.2842,118.3319,58.82,66,52,2.71,RU,2022-06-22 19:49:01
499,Umtata,-31.5889,28.7844,55.96,94,85,3.44,ZA,2022-06-22 19:49:01
500,North Bend,43.4065,-124.2243,78.24,81,75,20.71,US,2022-06-22 19:49:02
501,Teguise,29.0605,-13.564,68.22,60,20,13.8,ES,2022-06-22 19:49:02
502,Moron,-34.6534,-58.6198,49.75,65,100,8.23,AR,2022-06-22 19:49:02
503,Luorong,24.4058,109.6086,76.93,90,7,5.26,CN,2022-06-22 19:49:03
504,Hobara,37.8167,140.55,66.36,82,87,1.54,JP,2022-06-22 19:49:04
505,Imeni Babushkina,59.7573,43.1285,48.79,97,88,4.05,RU,2022-06-22 19:49:04
506,Ibra,22.6906,58.5334,82.99,65,0,8.23,OM,2022-06-22 19:49:04
507,Abu Zabad,12.35,29.25,83.88,47,0,15.23,SD,2022-06-22 19:49:05
508,Santo Domingo,18.5001,-69.9886,91.04,67,40,4.0,DO,2022-06-22 19:49:06
509,Te Anau,-45.4167,167.7167,30.31,87,96,1.07,NZ,2022-06-22 19:49:06
510,Baft,29.234,56.6057,70.34,36,37,3.85,IR,2022-06-22 19:49:06
511,Halifax,44.6453,-63.5724,66.34,76,20,8.05,CA,2022-06-22 19:48:07
512,Maralal,1.0968,36.698,61.14,67,79,5.17,KE,2022-06-22 19:49:07
513,Westlock,54.1502,-113.8688,64.36,63,81,4.99,CA,2022-06-22 19:49:07
514,Mutsu,41.2894,141.2169,60.76,94,100,8.12,JP,2022-06-22 19:49:08
515,Borogontsy,62.6683,131.1683,60.46,74,12,4.18,RU,2022-06-22 19:49:08
516,Komsomolskiy,40.4272,71.7189,70.52,60,100,2.3,UZ,2022-06-22 19:49:09
517,Shihezi,44.3,86.0333,80.35,19,53,4.14,CN,2022-06-22 19:49:09
518,Chimore,-16.9833,-65.1333,81.68,56,93,0.96,BO,2022-06-22 19:49:09
519,Juliaca,-15.5,-70.1333,59.23,21,61,3.51,PE,2022-06-22 19:49:10
520,Teya,60.3778,92.6267,55.47,64,0,3.49,RU,2022-06-22 19:49:10
521,Hurghada,27.2574,33.8129,89.64,23,0,9.22,EG,2022-06-22 19:49:11
522,Madimba,-10.4,40.3333,70.92,88,20,16.11,TZ,2022-06-22 19:49:11
523,Kilindoni,-7.9139,39.6668,77.9,70,5,17.49,TZ,2022-06-22 19:49:12
524,Lukovetskiy,64.2956,41.9211,52.56,71,100,3.94,RU,2022-06-22 19:49:12
525,Juneau,58.3019,-134.4197,53.22,94,100,5.75,US,2022-06-22 19:49:13
526,Auki,-8.7676,160.7034,77.05,87,74,4.05,SB,2022-06-22 19:49:13
527,Melton,-37.6833,144.5833,53.76,87,100,11.25,AU,2022-06-22 19:49:13
528,Vostok,46.4856,135.8833,54.48,98,100,3.94,RU,2022-06-22 19:49:14
529,Petropavlovsk-Kamchatskiy,53.0452,158.6483,45.19,100,100,6.71,RU,2022-06-22 19:49:14
530,Sovetskiy,61.3614,63.5842,59.09,98,46,3.2,RU,2022-06-22 19:49:15
531,Egersund,58.4513,5.9997,58.08,91,100,4.72,NO,2022-06-22 19:49:15
532,Khowst,33.3833,69.8833,67.19,55,90,5.57,AF,2022-06-22 19:49:16
533,Hamilton,39.1834,-84.5333,97.65,55,40,8.05,US,2022-06-22 19:45:00
534,Harlingen,26.1906,-97.6961,95.09,48,20,13.8,US,2022-06-22 19:46:10
535,Kununurra,-15.7667,128.7333,73.38,33,0,12.66,AU,2022-06-22 19:49:17
536,Shibetsu,43.659,145.132,51.28,92,100,7.65,JP,2022-06-22 19:49:17
537,Fare,-16.7,-151.0167,80.35,65,4,11.72,PF,2022-06-22 19:49:18
538,Egvekinot,66.3167,-179.1667,37.87,92,100,2.62,RU,2022-06-22 19:49:18
539,Rantauprapat,2.1,99.8333,73.22,99,100,1.92,ID,2022-06-22 19:49:19
540,Anadyr,64.75,177.4833,52.3,82,75,8.95,RU,2022-06-22 19:49:19
541,Bilibino,68.0546,166.4372,57.52,37,94,10.65,RU,2022-06-22 19:49:20
542,Great Yarmouth,52.6083,1.7305,64.65,85,24,7.54,GB,2022-06-22 19:49:21
543,Dunbar,38.3606,-81.7374,96.06,54,40,4.61,US,2022-06-22 19:49:21
544,Arrifes,37.7667,-25.7,65.23,77,40,18.41,PT,2022-06-22 19:49:22
545,Barra Do Garcas,-15.89,-52.2567,90.18,31,0,9.22,BR,2022-06-22 19:47:21
546,Palu,-0.8917,119.8707,75.02,95,100,2.84,ID,2022-06-22 19:50:22
547,Ferme-Neuve,46.7001,-75.4493,78.44,77,85,6.87,CA,2022-06-22 19:50:23
548,Mehamn,71.0357,27.8492,42.75,93,75,9.22,NO,2022-06-22 19:50:23
549,Sistranda,63.7256,8.834,53.56,91,100,14.63,NO,2022-06-22 19:50:24
550,Giyani,-23.3025,30.7187,61.41,78,100,3.31,ZA,2022-06-22 19:50:24
551,Isangel,-19.55,169.2667,69.91,78,100,4.61,VU,2022-06-22 19:50:25
552,Filadelfia,39.9523,-75.1638,73.11,85,100,12.66,US,2022-06-22 19:49:40
553,Vengerovo,55.6848,76.7471,57.74,94,54,10.94,RU,2022-06-22 19:50:25
554,Holbeach,52.804,0.0144,72.21,64,9,6.91,GB,2022-06-22 19:50:26
555,Lata,40.1629,-8.3327,63.91,84,34,4.27,PT,2022-06-22 19:50:26
556,Lasa,46.6166,10.7002,65.28,92,79,3.42,IT,2022-06-22 19:50:27
557,Rabo De Peixe,37.8,-25.5833,66.27,86,40,18.41,PT,2022-06-22 19:50:27
558,Yagodnoye,62.55,149.6667,61.11,71,53,5.28,RU,2022-06-22 19:50:27
559,Christchurch,-43.5333,172.6333,30.42,100,23,0.0,NZ,2022-06-22 19:46:20
560,Waipawa,-41.4122,175.5153,37.38,90,13,4.43,NZ,2022-06-22 19:50:28
561,Majene,-3.5403,118.9707,76.93,90,90,5.28,ID,2022-06-22 19:50:28
562,Kavos,38.8268,22.8322,87.13,46,23,0.34,GR,2022-06-22 19:50:29
563,Kyaikkami,16.08,97.5675,79.83,79,100,2.19,MM,2022-06-22 19:50:29
564,Waterloo,43.4668,-80.5164,87.67,45,0,13.8,CA,2022-06-22 19:50:29
565,Bukavu,-2.5083,28.8608,59.09,89,39,0.96,CD,2022-06-22 19:50:30
566,Clinton,42.587,-82.9199,91.94,44,40,12.66,US,2022-06-22 19:47:12
567,Ixtapa,20.7,-105.2,89.22,69,97,5.01,MX,2022-06-22 19:50:30
568,Sciacca,37.5082,13.0881,84.04,56,100,3.49,IT,2022-06-22 19:50:31
569,Kolpashevo,58.3131,82.9089,55.11,94,26,6.02,RU,2022-06-22 19:50:31
570,Coos Bay,43.3665,-124.2179,78.31,80,75,20.71,US,2022-06-22 19:50:31
571,Galle,6.0367,80.217,80.24,82,100,10.38,LK,2022-06-22 19:50:32
572,Champerico,14.3,-91.9167,90.14,74,100,10.25,GT,2022-06-22 19:50:32
573,Trinidad,-14.8333,-64.9,89.58,51,40,11.5,BO,2022-06-22 19:50:32
574,Kargopol,61.5071,38.9456,47.07,84,0,2.91,RU,2022-06-22 19:50:33
575,Novobeysugskaya,45.472,39.8861,60.71,61,28,7.94,RU,2022-06-22 19:50:33
576,Terrace Bay,48.7834,-87.1,59.14,54,0,12.68,CA,2022-06-22 19:50:33
577,Pemba,-12.974,40.5178,75.9,78,20,10.36,MZ,2022-06-22 19:50:34
578,Vredendal,-31.6683,18.5012,56.39,93,79,7.02,ZA,2022-06-22 19:50:34
579,San Vicente,-26.6167,-54.1333,68.02,84,1,7.72,AR,2022-06-22 19:50:34
580,Biskamzha,53.4497,89.5272,59.74,97,48,3.27,RU,2022-06-22 19:50:35
581,Visby,57.6409,18.296,62.06,77,17,8.05,SE,2022-06-22 19:50:35
582,Chilca,-12.5211,-76.7372,63.84,73,34,7.99,PE,2022-06-22 19:50:35
583,North Augusta,33.5018,-81.9651,106.34,23,0,8.05,US,2022-06-22 19:49:50
584,Luangwa,-15.6167,30.4167,60.93,71,0,2.77,ZM,2022-06-22 19:50:36
585,Zapolyarnyy,69.4154,30.8136,43.88,85,13,15.93,RU,2022-06-22 19:50:36
586,Xining,36.6167,101.7667,57.63,76,8,1.99,CN,2022-06-22 19:50:36
587,Mus,39.0,41.75,55.65,65,2,4.94,TR,2022-06-22 19:50:37
588,Ust-Kulom,61.6864,53.6902,52.61,89,100,4.18,RU,2022-06-22 19:50:37
589,Asmara,15.3333,38.9333,66.38,55,10,7.72,ER,2022-06-22 19:50:37
590,Mackenzie,55.2999,-123.1698,55.62,54,100,13.8,CA,2022-06-22 19:50:38
591,Karasburg,-28.0167,18.75,51.01,72,100,15.23,NA,2022-06-22 19:51:38
592,Cerrik,41.0317,19.9758,74.75,56,30,3.49,AL,2022-06-22 19:51:38
593,Mata Grande,-9.1175,-37.7322,68.07,88,100,4.85,BR,2022-06-22 19:51:39
594,Chacabuco,-34.6417,-60.4739,47.93,38,100,10.11,AR,2022-06-22 19:51:39
595,Iqaluit,63.7506,-68.5145,44.33,70,20,6.91,CA,2022-06-22 19:51:39
596,Malm,64.0721,11.2172,51.58,92,100,0.87,NO,2022-06-22 19:51:40
597,Zafra,38.4167,-6.4167,64.15,62,100,9.62,ES,2022-06-22 19:51:40
598,Morgan City,29.6994,-91.2068,97.0,39,8,1.63,US,2022-06-22 19:51:40
599,Yaan,7.3833,8.5667,76.28,82,52,6.29,NG,2022-06-22 19:51:41
600,Pyapon,16.2833,95.6833,78.31,87,98,2.48,MM,2022-06-22 19:51:41
601,Hermitage,41.2334,-80.4487,92.57,67,5,1.01,US,2022-06-22 19:51:42
602,Arman,59.7,150.1667,44.02,97,100,4.25,RU,2022-06-22 19:51:42
603,Sorland,67.667,12.6934,48.06,88,100,32.95,NO,2022-06-22 19:51:42
604,Vicksburg,32.3526,-90.8779,97.03,49,0,6.91,US,2022-06-22 19:51:43
605,Mitu,1.1983,-70.1733,83.82,68,23,1.57,CO,2022-06-22 19:51:43
606,Cavalcante,-13.7975,-47.4583,80.76,33,7,4.99,BR,2022-06-22 19:51:43
607,Nichinan,31.6,131.3667,74.73,95,12,5.61,JP,2022-06-22 19:51:44
608,Pascagoula,30.3658,-88.5561,99.41,48,20,0.0,US,2022-06-22 19:51:44
609,Meulaboh,4.1363,96.1285,75.11,90,100,5.44,ID,2022-06-22 19:51:44
610,Alekseyevka,50.6309,38.6903,57.96,85,9,6.02,RU,2022-06-22 19:51:44
611,Newry,54.1784,-6.3374,62.11,89,99,4.29,GB,2022-06-22 19:51:45
612,Bulgan,48.8125,103.5347,52.74,86,3,2.24,MN,2022-06-22 19:51:45
613,Havelock,34.8791,-76.9013,89.56,78,90,3.0,US,2022-06-22 19:51:46
614,Banepa,27.6298,85.5214,70.12,88,75,3.44,NP,2022-06-22 19:51:46
615,Leninsk,48.7119,45.1994,65.48,84,79,9.37,RU,2022-06-22 19:51:46
616,Miramar,25.9873,-80.2323,88.02,58,20,13.8,US,2022-06-22 19:51:46
617,Toora-Khem,52.4675,96.11,53.11,82,91,2.17,RU,2022-06-22 19:51:47
618,Poquoson,37.1224,-76.3458,92.07,59,20,3.44,US,2022-06-22 19:49:19
619,Costinesti,43.95,28.6333,67.24,61,21,6.58,RO,2022-06-22 19:51:47
620,Yarmouth,41.7057,-70.2286,73.15,73,75,12.66,US,2022-06-22 19:51:48
621,Kieta,-6.2167,155.6333,77.4,85,100,2.84,PG,2022-06-22 19:51:48
622,Amuntai,-2.4177,115.2494,72.07,98,100,1.39,ID,2022-06-22 19:51:48
623,Ban Nahin,18.2418,104.2122,76.24,94,100,2.08,LA,2022-06-22 19:51:49
624,Chai Badan,15.2,101.1333,78.22,81,100,3.29,TH,2022-06-22 19:51:49
625,Atikokan,48.7555,-91.6216,74.93,30,6,10.58,CA,2022-06-22 19:51:49
626,Mordovo,52.0834,40.77,60.84,96,100,7.83,RU,2022-06-22 19:51:50
627,Sarkand,45.41,79.9186,72.77,41,69,6.6,KZ,2022-06-22 19:51:50
628,Sinnamary,5.3833,-52.95,80.28,81,24,7.54,GF,2022-06-22 19:51:50
629,Canapi,-9.1174,-37.6012,70.97,89,100,5.1,BR,2022-06-22 19:51:51
630,Rio Esteban,15.8333,-86.3,86.05,80,100,8.39,HN,2022-06-22 19:51:51
631,Mount Gambier,-37.8333,140.7667,55.31,94,100,10.36,AU,2022-06-22 19:51:51
632,Udachnyy,66.4167,112.4,64.45,51,27,3.22,RU,2022-06-22 19:51:52
633,Ternitz,47.7156,16.0357,69.73,95,100,4.88,AT,2022-06-22 19:51:52
634,Elko,41.0002,-115.5012,84.63,9,95,5.99,US,2022-06-22 19:51:52
635,Catalina,32.5056,-110.9211,96.87,31,0,1.99,US,2022-06-22 19:51:53
636,Bowen,-20.0167,148.2333,59.05,81,48,10.04,AU,2022-06-22 19:51:53
637,Hasaki,35.7333,140.8333,68.4,96,100,9.08,JP,2022-06-22 19:51:53
638,Atoyac,20.0167,-103.5333,80.47,50,99,2.66,MX,2022-06-22 19:51:54
639,Nishihara,26.1842,127.7558,80.65,94,20,6.91,JP,2022-06-22 19:52:54
640,Khuzhir,53.1939,107.3397,48.06,81,82,3.78,RU,2022-06-22 19:52:54
641,Alice Springs,-23.7,133.8833,38.75,87,0,5.75,AU,2022-06-22 19:52:55
642,Crystal Beach,42.8699,-79.0583,84.76,91,27,12.3,CA,2022-06-22 19:52:55
643,Cofradia,15.4,-88.15,79.68,83,100,4.76,HN,2022-06-22 19:52:56
644,Fortuna Foothills,32.6578,-114.4119,102.56,21,0,5.75,US,2022-06-22 19:52:56
645,Barahona,18.2085,-71.1008,89.42,70,75,17.27,DO,2022-06-22 19:52:56
646,Estevan,49.1334,-102.9842,79.14,47,0,20.71,CA,2022-06-22 19:52:57
647,Aasiaat,68.7098,-52.8699,35.02,91,100,6.49,GL,2022-06-22 19:52:57
648,Umm Kaddadah,13.6017,26.6876,95.36,13,8,7.02,SD,2022-06-22 19:52:57
649,Waingapu,-9.6567,120.2641,76.8,77,10,15.03,ID,2022-06-22 19:52:58
650,Corn Island,12.1694,-83.0418,81.23,78,53,16.51,NI,2022-06-22 19:52:58
651,Petrovsk,52.3064,45.3917,61.63,92,67,1.74,RU,2022-06-22 19:52:58
652,Ambovombe,-25.1667,46.0833,63.5,63,42,14.7,MG,2022-06-22 19:52:59
653,Guaruja,-23.9931,-46.2564,76.89,26,2,5.75,BR,2022-06-22 19:52:59
654,Planaltina,-15.4528,-47.6142,76.1,35,37,3.78,BR,2022-06-22 19:52:59
655,Panacan,9.2463,118.4082,80.19,82,84,5.03,PH,2022-06-22 19:53:00
656,Garissa,-0.4536,39.6401,75.36,68,87,21.39,KE,2022-06-22 19:53:00
657,Lumding,25.7535,93.1732,75.07,98,99,2.1,IN,2022-06-22 19:53:00
658,Hibbing,47.4272,-92.9377,72.82,35,0,8.57,US,2022-06-22 19:53:01
659,Misratah,32.3754,15.0925,77.63,64,0,11.41,LY,2022-06-22 19:53:01
660,Odweyne,9.4092,45.064,75.06,52,89,15.99,SO,2022-06-22 19:53:01
661,Goderich,43.7501,-81.7165,65.91,81,67,11.07,CA,2022-06-22 19:51:49
662,Wollongong,-34.4333,150.8833,51.93,80,22,7.9,AU,2022-06-22 19:49:39
663,Ambunti,-4.2365,142.8448,71.51,99,26,0.78,PG,2022-06-22 19:53:02
664,Vagay,57.9375,69.0217,54.5,99,96,5.86,RU,2022-06-22 19:53:03
665,Riyadh,24.6877,46.7219,98.74,8,9,6.67,SA,2022-06-22 19:48:48
666,Paamiut,61.994,-49.6678,37.94,89,0,27.13,GL,2022-06-22 19:53:03
667,Carson City,39.1638,-119.7674,88.48,16,0,4.61,US,2022-06-22 19:52:24
668,Capinzal,-27.3436,-51.6119,68.76,88,0,6.17,BR,2022-06-22 19:53:04
669,Ambilobe,-13.2,49.05,70.0,75,74,4.32,MG,2022-06-22 19:53:04
670,Twin Falls,42.3505,-114.6445,78.93,27,0,8.05,US,2022-06-22 19:48:36
671,Zhoucheng,35.9122,116.3117,80.19,87,100,5.53,CN,2022-06-22 19:53:05
672,Charlestown,-32.95,151.6667,48.69,83,12,3.0,AU,2022-06-22 19:53:06
673,Prince George,53.9166,-122.753,55.26,61,75,8.05,CA,2022-06-22 19:53:06
674,Asyut,27.181,31.1837,86.18,29,0,8.21,EG,2022-06-22 19:53:07
